분류,질문,답변
홈페이지,홈페이지에서 정비 이력을 확인할 수 있나요?,"홈페이지에서는 KGM 정비 전산(서비스 네트워크망)에 등록된 차량번호를 이용하여 고객님 및 차량 정보를 조회하고 있습니다.

이에 따라 차량 구매 후 한 번도 저희 서비스 네트워크에 방문하지 않으셨거나 차량번호 변경 또는 명의 변경된 상태라면, 저희 서비스 네트워크에 먼저 방문하셔서 자동차등록증 확인하여 차량번호, 소유자명, 생년월일(또는 사업자번호/법인번호) , [소유자 및 운행자의 이메일] 등 고객님 정보를 수정해 주셔야 하니 참고가 되셨으면 합니다.

★ 정비 전산의 이메일 수정 시 홈페이지 회원 가입 시 기재하신 이메일 주소로 수정 부탁드립니다.

※ 홈페이지 내차등록 방법

- 등록된 차량이 없는 경우 :
☞ PC : KGM 홈페이지(kg-mobility.com) 우측 상단 네모 안쪽으로 향하는 화살표 눌러 로그인 → (우측 상단 사람모양 또는 우측 슬라이드 메뉴의 이름 클릭) 마이페이지 → 화면 오른쪽 내차 등록하기 버튼 → 개인차량/법인차량 선택 → 띄어쓰기 없이 차량번호 입력 (이메일은 홈페이지 회원가입 시 등록한 이메일 자동으로 끌려옴) → 조회하기 누르기
☞ 모바일 : KGM 홈페이지(kg-mobility.com) 전체메뉴 (오른쪽 상단의 3줄 ) → 왼쪽 아래 로그인 → 회원명 터치 (바로 이름 안 보이면 전체메뉴 터치 후 이름 터치) → 내차 등록하기 터치 → 개인차량/법인차량 선택 → 띄어쓰기 없이 차량번호 입력 (이메일은 홈페이지 회원가입 시 등록한 이메일 자동으로 끌려옴) → 조회하기 누르기

- 이미 등록된 차량이 있는 경우 :
☞ PC : KGM 홈페이지(kg-mobility.com) 우측 상단 네모 안쪽으로 향하는 화살표 눌러 로그인 → (우측 상단 사람모양) 마이페이지 → 오른쪽 상단 [내 차 정보 >] 클릭 → 보유 차량 탭의 왼쪽 [+ 내차 추가하기] 클릭 → 개인차량/법인차량 선택 → 띄어쓰기 없이 차량번호 입력 (이메일은 홈페이지 회원가입 시 등록안 이메일 자동으로 끌려옴) → 조회하기 누르기
☞ 모바일 : KGM 홈페이지(kg-mobility.com/) 전체메뉴 (오른쪽 상단의 3줄 ) → 왼쪽 아래 로그인 → 회원명 터치 (바로 이름 안 보이면 전체메뉴 터치 후 이름 터치) → [내 차 정보 >] 클릭 → 보유 차량 탭의 왼쪽 [+ 내차 추가하기] 클릭 → 개인차량/법인차량 선택 → 띄어쓰기 없이 차량번호 입력 (이메일은 홈페이지 회원가입 시 등록안 이메일 자동으로 끌려옴) → 조회하기 누르기

※ 법인 차량의 경우, 띄어쓰기 없는 차량번호, 사업자/법인등록번호, 법인명 기재하고 조회하실 수 있습니다."
홈페이지,"주소나 개명한 이름, 비밀번호 등 회원 정보의 변경은 어떻게 하나요?","주소, 연락처, 비밀번호 등의 회원 정보는,
홈페이지에 로그인하신 후 화면 상단의 [ 마이페이지 → 회원정보 수정 ]에서 변경하실 수 있습니다.

그러나 이름은 고객님께서 직접 변경하실 수 없으니 고객센터(☎ 080-500-5582 / 4번 연결)로 연락해 주시기 바랍니다."
홈페이지,홈페이지에서 차량 세부모델(등급)을 확인할 수 있나요?,"네, KG모빌리티 홈페이지 → 고객 서비스 (모바일 이용 시에는 오른쪽 위 3줄 전체메뉴 내) → 차량 운영 지원 → 차량정보조회에서 확인 가능합니다.

※ 차량 세부 모델(차급/트림) 차대번호로 조회 바로 가기
☞ https://www.kg-mobility.com/sr/update-download/vehicle-info

해당 메뉴에서 차종과 [차대번호 맨 뒤 숫자 6자리]를 입력 → 조회하기 버튼을 눌러 주십시오.

* 차량정보를 조회할 수 없거나, 일부 차량정보가 실제와 다를 수 있으니 필요 시고객센터(☎ 080-500-5582 / ARS 4번)로 문의해 주시기 바랍니다."
홈페이지,회원 가입 및 탈퇴 방법이 궁금합니다.,"고객님의 소중한 회원 정보는 보다 정확하고 다양한 정보를 제공해 드리기 위해 활용됩니다.

[ 회원 가입 ]
☞ PC : 홈페이지(kg-mobility.com) → 화면 상단 왼쪽 로그인 클릭 → 아이디/비밀번호 입력 창 아래 [회원가입] 버튼 클릭 → 약관 [필수] 항목 동의 → 가입 시작 버튼 클릭 → 아이디(중복확인), 비밀번호, 이메일(중복확인) 입력 후 본인인증
☞ 모바일 : 홈페이지(kg-mobility.com) 오른쪽 상단의 3줄 전체메뉴 → 화면 맨 아래 왼쪽 로그인 → [회원가입] 버튼 터치 - 약관 [필수] 항목 동의 - 가입 시작 버튼 터치 - 아이디(중복확인), 비밀번호, 이메일(중복확인) 입력 후 본인인증

※ 로그인 화면 하단의 [카카오톡 계정으로 간편 로그인] 가능합니다.

[ 회원 탈퇴 ]
☞ PC : 홈페이지(kg-mobility.com) → 화면 상단 왼쪽 로그인 클릭 → 마이페이지 → 화면 오른쪽 위 [회원정보 수정] 클릭 → 재로그인 → 회원정보 수정 화면의 맨 아래 [ 회원 탈퇴＞ ] 클릭
☞ 모바일 : 홈페이지(kg-mobility.com) 오른쪽 상단의 3줄 전체메뉴 → 화면 맨 아래 왼쪽 로그인 → 오른쪽 슬라이드 메뉴의 회원명 터치 → 화면 맨 오른쪽 아이콘 중 연필모양 터치 → 비밀번호 확인 → 회원정보 수정 화면의 맨 아래로 이동해서 [ 회원 탈퇴＞ ] 터치

※ 탈퇴하신 아이디는 다시 사용하실 수 없습니다."
홈페이지,홈페이지에 등록된 차량 정보를 삭제하고 싶습니다.,"★ 홈페이지에 등록된 차량 정보 삭제하는 방법

☞ PC : 홈페이지(kg-mobility.com)에 로그인 후 → 화면 상단의 마이페이지 → 화면 오른쪽 내 차 정보＞ 클릭 → 상단의 보유 차량 탭에서 오른쪽 끝 보유 차량 삭제 글씨 클릭
☞ 모바일 : 홈페이지(kg-mobility.com) 오른쪽 상단의 3줄 전체메뉴 → 화면 맨 아래 왼쪽 로그인 → 오른쪽 슬라이드 메뉴의 회원명 터치 → 화면 오른쪽 내 차 정보＞ 터치 → 보유 차량 탭에서 오른쪽 끝 보유 차량 삭제 글씨 터치"
홈페이지,영문 취급설명서와 정비지침서를 받을 수 있을까요?,"저희 홈페이지 통해 영문 취급설명서와 정비지침서를 다운받으실 수 있습니다.

☞ KGM 홈페이지(kg-mobility.com) → 화면 오른쪽 상단의 GLOBAL 클릭 → 영문 홈페이지(en.kg-mobility.com) SUPPORT 클릭 → KGM OVERSEAS NETWORK 하단의 A/S MANUAL 바로가기 클릭 → 새 창에서 HOW TO USE NEW A/S MANUAL 표시되면 1~7단계 진행 → 새 창이 열리면 차종 클릭 → 해당 연식 클릭 → SERVICE MMANUAL (정비지침) / OWNER'S MANUAL (취급설명서)

※ 인터넷 익스플로러 8.0에 최적화되어 있으며, 인터넷 익스플로러 10 이상 버전도 호환됩니다. (일부 메뉴의 경우 크롬 등의 다른 브라우저에서는 사용이 어렵습니다)

국내에서는 파일이 아닌 책자를 구매하실 수 없으며, 혹시라도 해외 네트워크가 있다면 구매 가능한지 문의해 보시는 것도 방법입니다.

☞ KGM 홈페이지(kg-mobility.com) → 화면 오른쪽 상단의 GLOBAL 클릭 → GLOBAL NERWORK → 하단의 지도에서 지역 클릭 → 국가명 입력 후 돋보기 눌러 조회 (해당 국가의 해외 법인명, 연락처 등 표시됩니다)"
홈페이지,리멤버서비스 내 부품정보 관련 EPC 시스템은 어떻게 사용하나요?,"2019.08.28일부터 홈페이지 통해 보다 개선된 부품 정보 시스템인 EPC 2.0을 통해 부품 정보를 제공해 드리고 있습니다.

이번 EPC 2.0 시스템은 크롬 또는 인터넷 익스플로러 11 이상에서 원활하게 작동합니다. (모바일에서는 원활하게 작동하지 않습니다)

① KGM 홈페이지(kg-mobility.com) → 고객 서비스 → 서비스 네트워크 → 순정부품 조회 → 화면 아래 [EPC 시스템 바로가기＞] 버튼 누르기

② 새 창이 열리면 양산모델인지 단종모델인지 선택 → 차종 선택 → 대그룹 선택 → 화면 오른쪽이나 아래의 그룹 정보가 표시되는 글씨를 더블클릭
예) 양산모델 → [차종 : G4 렉스턴] → [대그룹 4 : 샤시] → 화면 오른쪽과 아래에 [4010 프레임] 글씨를 더블클릭 (4010은 그룹번호이고, 프레임은 그룹명칭이며, 화면 왼쪽 상단에 대그룹 이미지입니다)

③ 새 창에서 그룹 정보인 이미지와 부품 리스트 표시 → 이미지에서 원하는 부품 또는 하단의 부품리스트에서 적용품번 등을 클릭 → 화면 오른쪽 상단의 차량정보에서 품번과 품명, 가격 등을 확인하실 수 있습니다.

그리고 부품에 대해 전문적으로 상담하고 있는 부품상담실(☎ 080-500-5582 / 2번 연결)이 운영 중이니, 사양이나 호환성, 재고 여부 등 자세한 사항은 부품상담실로 문의해 주시기 바랍니다."
홈페이지,토레스 하이브리드 차량인데 갑자기 도어 잠금이 해제되지 않아요,"토레스 하이브리드 차량에는 저전압 배터리의 완전 방전을 방지하기 위한 [ 저전압 배터리 방전 보호 모드 ]가 적용되어 있습니다.

이러한 [ 저전압 배터리 방전 보호 모드 ] 작동 시, 전원을 차단하여 전기 장치가 작동하지 않기 때문에, 도어 잠금이 해제되지 않습니다.

이때는 테일게이트 아웃사이드 핸들의 열림 스위치를 눌러 방전 보호모드를 해제 후 도어 잠금해제 및 시동을 걸 수 있습니다.

※ 저전압 배터리 방전 보호 모드 해제 방법

1. 테일게이트 아웃사이드 핸들의 내측 열림 스위치를 5 ~ 10초(최대) 정도 눌러줍니다.
2. 테일게이트 잠금 해제 되면서 방전 보호 모드 해제되니, 바로 스마트키 도어 잠금 해제 버튼을 눌러 도어도 열어줍니다.
3. 배터리 방전 보호 모드 해제 후 1분 이내 시동을 걸어주면 됩니다."
홈페이지,홈페이지 말고도 KG모빌리티 관련 소식을 알 수 있는 공식 채널이 있나요?,"KG모빌리티 공식 블로그가 운영되고 있으며, 다양한 정보 컨텐츠를 확인하실 수 있습니다.
공식 블로그http://allways.kg-mobility.com/
그리고 KG모빌리티 홈페이지 하단의 #브랜드소식에서 유튜브, 인스타그램, 페이스북의 공식 SNS 채널을 확인하실 수 있습니다.
- 유투브 :https://youtube.com/@KGmobility.official/
- 페이스북 : https://www.facebook.com/KGmobility.official
- 인스타그램 :https://www.instagram.com/kgmobility.official/"
구매/영업,KGM 직접 출고를 위한 출고센터는 어디에 있나요?,"KGM 평택공장 후문에 위치하고 있습니다.

- . 주소 : 경기도 평택시 동삭로455-12
- . 전화 : 031-610-1382 / 1385"
구매/영업,차량 구매 시 타인 카드로 결제가 가능한가요?,"○ 개인명의로 차량 구매시 차량 소유자 본인 카드로 승인 받는 것이 원칙입니다.

○ 개인사업자 명의로 차량 구매시 개인사업자 대표카드 및 개인기업카드 경우에만 사용이 가능합니다.
     ※ 직계가족 카드 수납은 불가

○ 법인 명의로 차량 구매시 법인카드만 사용 가능합니다."
구매/영업,계약 시 계약금은 얼마를 내야 하나요?,당사 모든 차종의 계약금은 10만 원입니다.
구매/영업,"계약 후 차종 모델, 혹은 옵션을 변경하면 출고 예정일이 바뀌나요?","출고일은 계약일, 차종, 사양 및 색상별 등에 따라 달라질 수 있습니다.
따라서 변경 시에는 다시 계약하는 것과 동일하게 새로이 순위가 적용되며 변경하는 시점을 기준으로 출고일이 적용 됩니다."
구매/영업,차량대금을 신용카드로 결제할 경우 소득공제가 가능한가요?,"조세특례제한법 제126조 3항 3호에 따라 신규 차량 구입에 사용한 신용카드 금액은 소득공제 대상에서 제외됩니다.
또한, 중고로 차량을 구입한 경우 현행 지방세법에 의해 등록세가 부과되는 재산(부동산, 선박, 자동차, 상호, 상표권)에 해당하여 구입비용은 공제받을 수 없습니다."
구매/영업,차량 할부구입시 필요한 서류가 궁금합니다.,"□ 개인(개인사업자)
1.인감증명서 : 차량구입용 1통, 대출신청용 1통, 차량 근저당설정용 1통(단, 근저당 설정시)
2. 주민등록등본 1통(개인사업자는 사업자등록증 사본)
3. 주민등록증(운전면허증)사본
4. 각종 자격 증빙서류 사본1부(해당자격에 따라 제출) : 재직증명서 사본, 근로소득원천징수 영수증사본, 재산세 과세증명서 원본 및 등기부등본(토지, 건물)원본
□ 법인
1.법인인감증명서 : 차량구입용 1통, 대출신청용 1통, 차량근저당설정용 1통(단, 근저당 설정시)
2.사업자등록증 사본 1통
3. 법인등기부등본 1통
4. 각종증빙서류 1통
□ 연대보증인
1. 인감증명서 : 차량구입 연대보증용 1통, 대출신청 연대보증용 1통, 공증용 1통(단, 필요시)
2. 재산세 과세증명서 1통 및
위 각종자격증빙서류 1부
 
※ 자세한 내용은 대리점에 문의 바랍니다."
구매/영업,차량구매 시 차량 대금을 입금할 수 있는 계좌가 따로 있나요?,"자동차 매매대금은, 별도로 발급되는 고객 전용 가상계좌로 입금해 주셔야 인정되며, 그 외에는 보호받으실 수 없습니다.
고객님 전용계좌는, 차량 계약 후 계약자 본인의 가상계좌(예금주명 : 홍길동KG모빌리티)를 문자로 안내해 드리고 있으며, 신한은행과 농협 중에서 선택하실 수 있습니다.
지정된 고객 전용 가상계좌는 계약하신 대리점 업무과 또는 오토매니저에게 문의하시면 확인 가능합니다."
구매/영업,신차 등록 절차에 대해 알고 싶습니다.,"○ 신규 등록 서류 구비
-자동차 제작증, 세금계산서, 책임보험 가입 증명서, 임시운행허가증, 임시운행번호판 (단, 임시운행번호판 미발급 시 임시운행허가증과 임시운행번호판은 해당되지 않습니다)
○ 차량 등록 절차
- [신규등록 서류 접수 → 등록 부대비용 고지서 발급 → 통합취득세, 공채매입 필증, 안전협회비, 번호판 부착대 납부 → 자동차 등록증과 번호판 수령→ 자동차 번호판 봉인] 절차로 이루어집니다."
구매/영업,KG모빌리티 출고장은 어디에 위치하고 있나요?,"○ 출고사무소
경기도 평택시 칠괴동 150-3번지 KG모빌리티 평택공장 후문 출고센터 ☎ (031) 610 - 1382/1385"
구매/영업,해약을 하게 될 경우 절차와 필요한 서류를 알려주세요,"당사 차량을 계약한 고객께서 해약을 하고자 하는 경우 그 처리 절차는 아래 서류를구비하시어 계약을 체결하신 대리점에 서면으로 해약 의사를 전달하시면 가능합니다.
 
 
< 해약 구비서류 >
① 자동차매매계약서(고객용) 원본
※ 매매계약서 분실하였을 경우 - 인감증명서 해약용 1부
 
② 해약신청서 (당사소정양식) 1부
※ 자필서명 및 자필사인 필히 요함
 
③ 신분증 (운전면허증 또는 주민등록증) 사본
 
④ 본인명의 은행통장 사본 1부
 
⑤ 인감증명서"
세제/법규,차량 이전 등록에 필요한 서류는 어떻게 되나요?,"◆ 양도인(구차주)

1. 개인
① 소유권이전등록신청서
② 양도증명서(양도인 인감도장 날인)
→ 관인 양도계약서만 인정
③ 자동차 등록증
④ 인감증명서 1통
⑤ 자동차세 완납증명서 또는 마지막납부영수증


2. 법인
① 소유권이전등록신청서
② 양도증명서(양도인 인감도장 날인)
→ 관인 양도계약서만 인정
③ 자동차 등록증
④ 법인 인감증명서
⑤ 법인 등기부등본
⑥ 사업자 등록증 사본
⑦ 자동차세 완납증명서 또는 마지막납부영수증


◆ 양수인(신차주)

1. 개인
① 주민등록등본
② 본인등록시만 주민등록증(운전면허증)
③ 책임보험영수증 또는 보험가입증명서
④ 일반사업자: 사업자 등록증 사본


<<대리신청시 첨부서류>>
① 양수인 위임장(인감도장 날인)
② 양수인 인감증명서
③ 신청인 주민증록증(운전면허증), 도장


2. 법인
① 법인등기부등본 또는 사업자등록증
② 책임보험영수증 또는 보험가입증명서
③ 대표이사 직접등록시만 본인신분증 지참


<<대리신청시 첨부서류>>
① 양수인 위임장(인감도장 날인)
② 법인 인감증명서
③ 신청인 주민증록증(운전면허증), 도장"
세제/법규,차량 구매 시 다자녀 감면혜택이 무엇인가요?,"○ 자격 요건
     - 가족관계등록부를 기준으로만 18세 미만의 자녀를 3명 이상 양육하는 자

○ 차량 요건 및 감면 세액
    1. 승용자동차 : 전액 (7명이상 10명이하)
                          최고 140만원 한도 (5인 이하)
    2. 승합자동차 : 전액 (15인 이하)
    3. 화물자동차 : 전액 (최대적재 1톤이하)
    4. 이륜자동차 : 전액

○ 관련 법규
    - 지방세특례 제한법 제 22조의 2"
세제/법규,차량 출고 후 등록은 언제까지 해야 하나요?,"임시운행 허가기간(10일) 이내에 신규 등록을 하셔야 합니다.
 
허가 기간내에 등록하지 아니한 경우 초과 기간이 10일 이내이면 5만원의 과태료, 10일 경과 후 매 1일 경과 시마다 1만원의 과태료로 최대 100만원까지 부과됩니다."
세제/법규,"뷰티풀 코란도, 리스펙 코란도, 리스펙 티볼리 가솔린 차량 저공해자동차 표지는 어디에서 발급받을 수 있나요?","표지 발급 방법은 차량이 출고되면 대리점에서 저공해자동차 증명서를 지급해 드리고 있으며,
이렇게 지급받은 저공해자동차 증명서를 자동차등록사업소나 해당 시·군·구(차량 등록지 상의 사용 본거지)에 제출하면 저공해자동차 표지를 교부받을 수 있습니다.
저공해자동차 표지는 차량 전면 유리 내면 좌측 하단부 또는 후면유리 내면 우측 하단부에 부착하시면 됩니다.
아울러 저공해자동차 표지를 부착한 차량은 각 지자체 조례에 따라 일부 공영주차장 주차요금 감면 등의 혜택을 받을 수 있습니다.
※ 저공해 자동차 증명서를 분실하셨을 경우에는 관할 구청에서 재발급 받아주시기 바랍니다."
세제/법규,"노후 디젤 차량인데, 배출가스 저감장치를 장착하거나 조기 폐차하며 혜택을 받을 수 있나요?","한국자동차환경협회의 지원을 받아 노후 차량에 배출가스 저감장치를 부착하거나 엔진 개조 등을 통해 차량을 개선하실 수도 있고, 차량을 조기 폐차하실 수도 있습니다.
이러한 지원 정책 등에 대해 실제 사업을 진행하는 한국자동차환경협회로 문의해 주시기 바랍니다.
※ 배출가스 저감장치 장착, 저공해 엔진 개조, 조기 폐차 등의 지원 정책 문의
☞ 한국자동차환경협회 ☎ 1544 - 0907(저감사업) / 1577 - 7121(조기폐차) / 02) 3473 - 1221
☞ 한국자동차환경협회 홈페이지 https://aea.or.kr/
※ 일부 KG모빌리티에 적용할 수 있는 배출가스 저감장치 개발사
☞ 에코닉스 ☎ 1666 - 3243 / 2번 연결"
세제/법규,현재 생산되는 RV 차량은 저공해 자동차 혜택을 받을 수 있나요?,"2020년 4월 2일부터 대기환경보전법 개정법령 시행으로 저공해 자동차 대상 차종에서 경유 차량(디젤 엔진 차량)이 제외되었습니다.
※ 개정법령 시행 이전에 저공해차량으로 인정받았던 차량은, 저공해차량에서 제외되었더라도 환경개선부담금은 여전히 면제됩니다.
이후 저공해 자동차 혜택은 다음의 전기차와 가솔린 엔진 차종만 가능합니다.
① 코란도 이모션 (1종 전기차)
② 토레스 EVX (1종 전기차 / 2023년 하반기 출시 예정)
③ 2019년 8월 이후 출고된 코란도 가솔린 차량 (3종)
④ 2020년 4월 이후 출고된 리스펙 티볼리 가솔린 차량 (3종 / 수동변속기 차량 제외)
⑤ 2020년 10월 이후 출고된 티볼리 에어 가솔린 차량 (3종)
⑥ 토레스 (3종)
※ 내차 저공해차 확인 ☞https://www.ev.or.kr/lcvms-portal/EP020401000SF01.do
: 띄어쓰기 없이 차량번호(예. 123가4567) 또는 차대번호 17자리 입력"
세제/법규,자동차세는 언제 납부하나요?,"자동차세는 1기분과 2기분으로 6개월의 일정 기간을 나누어,
연 세액 10만원 이하는 6월에 납부하며, 10만원 이상은 1년에 두 번 분할 납부해야 합니다.
 
제1기분 과세기간은 1월~6월이며, 납기는 6월16일~6월30일까지,
제2기분 과세기간은 7월~12월이며, 납기는 12월16일~12월31일까지 입니다.
 
만약, 신규/말소/일할 계산 신청 시에는 일할 계산하여 과세됩니다.
 
아울러 자동차세의 경우 미리 선납한다면 선납 할인을 받으실 수 있습니다.
 
※ 1월: 10%, 3월: 7.5%, 6월: 5%, 9월: 2.5%
 
이와 관련하여 자동차세 금액 및 자세한 사항은 관할 관청으로 문의해 주시면 보다 상세히 안내받으실 수 있습니다."
세제/법규,자동차 검사의 유효기간이 궁금합니다.,"[별표 15의2] <개정 2006.3.15>
■ 자동차검사의 유효기간(제74조관련)  
  
1. 비사업용 승용자동차 및 피견인자동차
☞ 2년(신조차로서 법 제43조제5항에 따른 신규검사를 받은 것으로 보는 자동차의 최초 검사유효기간은 4년)
  
2. 사업용 승용자동차
☞ 1년(신조차로서 법 제43조제5항에 따른 신규검사를 받은 것으로 보는 자동차의 최초 검사유효기간은 2년)
  
3. 경형·소형의 승합 및 화물자동차 1년
  
4. 사업용 대형화물자동차
☞ 차령이 2년 이하인 경우 차령이
☞ 2년 초과된 경우  6월 
  
5. 그 밖의 자동차
☞ 차령이 5년 이하인 경우 1년
☞ 차령이 5년 초과된 경우 6월
※ 10인 이하를 운송하기에 적합하게 제작된 자동차(제2조제1항제2호 가목 내지 다목에 해당하는 자동차를 제외)로서 2000년 12월 31일 이전에 등록된 승합자동차의 경우에는 승용자동차의 검사유효기간을 적용한다."
세제/법규,각종 세금의 면세대상이 궁금합니다.,"□ 각종 세금
1)개소세(배기량 제한 없음)
2)취득세(2,000cc 이하인 승용차 또는 7~10인용 승용 용자동차 해당)
3)자동차세(2,000cc 이하인 승용차 또는 7~10인용 승용 용자동차 해당)
4)채권(2,000cc 이하인 승용차 또는 7~10인용 승용 용자동차 해당)
□ 면세 대상
1.국가유공자(1~7급) : 본인(공동)명의 1)~4) 모두 면제
2.장애인1~3급(시각장애인1~3급) : 본인(공동)명의 1)~4) 모두 면제
3.장애인4~6급(시각장애인4~6급) : 본인(공동)명의 1)~3)부과 4)면제
4.광주민주화운동, 장애1~14급, 고엽제후유증환자 : : 본인(공동)명의 1)~4) 모두 면제
□ 참조
※ 공동명의 : 본인+배우자, 세대별 주민등록표에 기재된 직계 존비속, 직계비속의 배우자, 형제, 자매
※ 승차정원 15인 이하인 승합자동차
※ 적재중량 1톤 이하인 화물자동차(단, 채권은 2.5톤 미만까지 면제)
※ 최초로 감면신청하는 1대에 한함."
세제/법규,일정기간 이상 지난 차량은 자동차세가 경감된다고 하는데 그 내용을 알고 싶습니다.,"자가용 승용차의차령 3년 이상 차량에 대한 자동차세 경감을 시행하고 있는 사항으로 경감 비율은 다음과 같습니다.
○ 자동차세/2-(자동차세/2*5%)*(차령-2)
※ 단, 차령 12년 이상은 12년으로 간주"
차량정비,신차 보증기간의 산정은 어떻게 되나요?,"보증기간은 차량 등록 일자가 아닌 차량이 출고된 날부터 적용되며, 만료일은 기간에서 익일(+1일)을 포함하여 적용됩니다.

예) 일반부품 보증기간이 3년/6만km이며 2018.3.23일 출고 차량일 경우 2021.3.23일이 보증기간 만료일입니다.

단, 기간이나 주행거리 중 먼저 도래한 것을 보증기간 만료로 간주하며, 만료일이 주말이나 공휴일인 경우 그날을 제외한, 도래하는 평일에 만료되는 점 참고 바랍니다."
차량정비,내비게이션 업그레이드하고 싶은데 시리얼번호가 없습니다.,"현재 양산되고 있는 KG모빌리티에 적용된 내비게이션은 지니 맵이 적용된 내비게이션과 아이나비 맵이 적용된 내비게이션 두 종류가 있습니다.

이중 커넥티드 카 서비스 적용되는 KGM 링크(구.인포콘) 전용 내비게이션의 경우, 아이나비 맵이 적용되어 있으며, SD카드 내부에 차량 정보가 저장되어 있는데, SD카드가 미적용된 내비게이션이라도 USB 이용하여 차량 정보를 저장할 수 있기 때문에 시리얼 번호를 제공해 드리지 않습니다.

그리고 지니 맵 내비게이션 역시, 2020.10월 이후 회원 가입이나 시리얼번호를 등록하지 않아도 맵 업데이트를 진행할 수 있도록 변경되었기 때문에, 현재는 별도로 시리얼 번호를 제공해 드리고 있지 않습니다.

☞ PC : KGM 홈페이지(kg-mobility.com/) → 고객 서비스 → 차량 운영 지원 → S/W 업데이트 → 아이나비 / GINI 중 차량에 적용된 맵 확인 후 [내비게이션 맵 업데이트 ＞] 버튼 클릭

※ 커넥티드 카 서비스 적용된 아이나비 맵 내비게이션 참고 동영상
⑴ 9인치 내비게이션 참고 동영상 바로가기
⑵ 12.3인치 내비게이션 참고 동영상 바로가기
⑶ 하이퍼바이저 내비게이션 참고 동영상 바로가기

※ 지니 맵 적용 내비게이션 참고 동영상 바로가기
▷ 지니 맵 업데이트 시 차종 참고 바로가기"
차량정비,KG모빌리티 순정 내비게이션 업데이트를 인터넷에서 할 수 있나요?,"현재 양산되는 차량에 적용된 순정 내비게이션의 경우, 인터넷을 통해 맵 정보나 안전운행 정보를 무료로 업데이트하실 수 있습니다.

순정 내비게이션에는 지니 맵 또는 아이나비 맵이 적용되어 있으며, 맵 종류에 따른 업데이트 사이트는 저희 홈페이지 통해서도 확인해 볼 수 있습니다. (맵 업체마다 다운로드용 프로그램을 PC에 설치해야 합니다)

☞ PC : KGM 홈페이지(kg-mobility.com) → 고객 서비스 → 차량 운영 지원 → S/W 업데이트

KGM 순정 내비게이션이 아닌 경우, 내비게이션을 장착하신 업체나 내비게이션 맵 업체로 문의해 주시기 바랍니다.

※ 지니 맵의 경우 2020.10월부터 회원가입 및 시리얼번호 등록하지 않아도 업데이트 가능합니다.
※ 아이나비 맵 인포콘 내비게이션의 경우 인포콘 서비스에 가입 후 목적지 설정하면 운행 경로를 따라 인포콘 통신 이용하여 실시간 맵 업데이트됩니다. 인포콘 서비스 가입 여부와 무관하게 아이나비 홈페이지에 회원가입 후 맵 및 소프트웨어 업데이트 가능합니다."
차량정비,리콜 대상 여부를 확인할 수 있나요?,"자동차 리콜 센터 홈페이지 통해 운행하시는 차량의 차량번호를 이용하여 진행되었던 리콜이나 현재 진행 중인 리콜 사항을 확인하실 수 있습니다.

☞ 자동차 리콜 센터 홈페이지 :  https://car.go.kr/home/main.do

또는

☞ PC : KGM 홈페이지(kg-mobility.com) 로그인 → 마이페이지 → 하단의 리콜 알림
☞ 모바일 : KGM 홈페이지(kg-mobility.com) 로그인 → 이름 클릭하여 마이페이지 → 화면 아래 → 리콜 알림

※ 홈페이지 메뉴에서는 리콜 대상 차량이더라도, 이미 서비스 네트워크 통해 조치된 경우, 알림이 표시되지 않습니다."
차량정비,"서비스 네트워크의 차이점이 무엇인가요? (서비스센터, 서비스프라자)","KGM 본사에서 관할하는 서비스 네트워크의 종류는 다음과 같습니다.

* 광역서비스센터 : 본사에서 직영으로 운영하는 1급 정비소로, 경기 군포시 당정동과 대전 대덕구(신탄진) 두 곳에 위치하고 있습니다.

* 서비스센터 : 1급 정비소(자동차종합정비업체)로, 엔진이나 변속기 등의 주요 부품이나 보험 수리, 판금, 도장 등에 대한 수리가 가능합니다.

* 서비스프라자 : 3급 정비소로 간단한 경정비가 가능합니다.

☞ PC : KGM 홈페이지(kg-mobility.com/) → 고객 서비스 → 서비스 네트워크 → 정비 네트워크 조회·예약 → 위치 확인 허용 → 지역 입력 후 돋보기 누르기
☞ 모바일 : 홈페이지(kg-mobility.com) - 오른쪽 상단의 3줄 전체메뉴 → 고객 서비스 → 서비스 네트워크 → 정비 네트워크 조회·예약 → 위치 확인 허용 → 지역 입력 후 돋보기 누르기

* 지정공장 : 당사 차량뿐 아니라 타사 차량도 수리하는 1급 정비업체로, 공주시 공주종합모터스(☎ 041-857-6286), 전북 정읍시 대성자동차공업사(☎ 063-537-7476), 충북 제천시 진양공업사(☎ 043-643-5581) 세 곳이 운영되고 있습니다."
차량정비,각종 소모품 교환 비용이 궁금합니다.,"소모성 부품(오일류 및 주요 소모품 등)은 여러 가지 상황을 고려하여 변동될 수 있습니다.
가격이 상승한다면 홈페이지를 통해 확인하실 수 있으니 참고해 주시기 바랍니다.

☞ 모바일 : KGM 홈페이지(kg-mobility.com) → 오른쪽 상단의 3줄 전체메뉴 → KGM 서비스 → 서비스 프로그램
  → 서비스 프로그램 글씨 옆 ∨ 터치 → 오픈 프라이스 터치 → 화면 아래 [소모품 가격 확인하기 ＞] 버튼 터치
☞ PC : KGM 홈페이지(kg-mobility.com) → 고객 서비스 → KGM 서비스 → 서비스 프로그램
  → 서비스 프로그램 글씨 옆 ∨ 클릭 → 오픈 프라이스 클릭 → 화면 아래 [소모품 가격 확인하기 ＞] 버튼 클릭"
차량정비,KGM LINK(구. 인포콘/INFOCONN) 서비스가 무엇인가요?,"KGM LINK(KGM 링크)는 KG모빌리티가 제공하는 커넥티드 카 서비스 브랜드이며,
2020년 인포콘(INFOCONN)이라는 명칭으로 서비스를 시작 후,
향상된 서비스를 제공하며 2025. 3월 KGM LINK로 명칭을 변경하였습니다.

원격 시동, 원격 공조 제어, 전기차 전용 배터리 충전 등의 원격 기능, 주차 위치 찾기 등의 편의 기능, 차량 상태 확인, 월간 리포트 등의 차량 관리 서비스 등을 제공하고 있습니다.

특히 에어백 전개 시 등 위급 상황에서 KGM LINK 상담센터 통해 긴급 구조 및 사고 처리를 위한 적절한 조치를 받으실 수 있도록 도와드리고 있습니다.

이러한 KGM LINK 서비스에 대해 가입 및 사용 방법 등 자세한 사항은 KGM LINK 홈페이지 또는 KGM LINK 상담센터 통해 확인하실 수 있습니다.

☞ KGM LINK 서비스 홈페이지 : https://kgmlink.kg-mobility.com/
☞ KGM LINK 상담센터 ☎ 1522 - 8877 또는 080-500-5582/ 내선번호 3번


※ KGM 블로그 참고 : 커넥티드-카 바로가기 및 인포콘 바로가기"
차량정비,"토레스 차량 블루투스 통화할 때 볼륨을 높였는데, 재통화할 때 다시 줄어들어 들어요. 점검받아야 하나요?","토레스 차량의 기본으로 정해진 볼륨 크기는 10으로 되어 있습니다.
그렇기에 블루투스 통화하실 때 볼륨을 10보다 크거나 작게 조절했어도 통화 종료 후 재통화할때는 기본값인 10으로 돌아가고, 이는 정상적인 현상입니다."
차량정비,교환 받은 부품의 재보증 기간은 어떻게 되나요?,"수리한 동일 부품에 이상 현상이 발생하는 경우 자동차관리법에 의거하여 수일로부터 최대 90일의 재보증 기간이 적용됩니다.
다만 KG모빌리티에서는 수리일로부터 1년 이내 2만km까지 재보증 기간을 적용해 드리고 있는 점 참고해 주시기 바랍니다.
※ 자동차관리법 134조 2항. 점검ㆍ정비의 잘못으로 인하여 다음 각 목의 구분에 따른 기간에 발생하는 고장 등에 대한 무상점검ㆍ정비
가. 차령 1년 미만 또는 주행거리 2만km 이내의 자동차 : 점검ㆍ정비일부터 90일 이내
    나. 차령 3년 미만 또는 주행거리 6만km 이내의 자동차 : 점검ㆍ정비일부터 60일 이내
    다. 차령 3년 이상 또는 주행거리 6만km 이상의 자동차 : 점검ㆍ정비일부터 30일 이내
※ 보험 수리, 소모품(예. 에어컨 필터), 오일류(예. 엔진오일), 휠얼라이먼트는 재보증제외 되는 점 참고해 주시기 바랍니다."
차량정비,서비스 네트워크마다 정비 비용이 상이할 수 있나요?,"KG모빌리티 본사에서는 표준 공임비를 제시하고 있으며, 각 서비스 네트워크마다 수리 시 이를 참고하여 실제 정비 비용을 청구하고 있습니다.
표준 공임이란 : 해당 작업을 3회 정도 해 본 작업자가 차량을 리프트에 올리고 차량 문제점을 확인하여, 필요한 부품을 가져와서 정비한 후, 정비 유효성(시운전 포함)을 검증하는 시간 등을 모두 합산하여 책정하고 있습니다.
다만 당사의 모든 서비스 네트워크에서 동일한 정비 비용을 받을 경우 공정거래위원회에서 담합으로 판단할 수 있습니다.
이에 각 서비스 네트워크에서는 표준 공임을 토대로 작업의 난이도와 실제 작업시간 등에 따라 고객님께 안내해 드린 후 공임비용을 가감하여 청구할 수 있으니 참고하시기 바랍니다."
부품,2열 주차(이중 주차)하고 싶어요.,"※ 2열 주차(이중 주차) 시 차량이 움직여 사고가 발생될 수 있습니다. 
※ 반드시 경사가 없는 평지에서 사용하시고, 바퀴에 고임목을 설치해 주시기 바랍니다.
☞ 올 뉴 렉스턴 (20.11월~), 렉스턴 뉴 아레나 (23.05월~) / 전자식 기어 레버 적용
☞ 코란도 이모션
※ 참고 :https://www.youtube.com/shorts/TukUsmh0VDU
1.  엔진 시동 상태에서 AUTO HOLD 기능을 해제하기 위해
  AUTO HOLD 스위치를 눌러 계기판의 AUTO HOLD 표시등을 소등시킵니다.
2.  엔진 시동 상태에서 EPB 스위치를 눌러 주차 브레이크를 해제하십시오.
  ※ 기어레버 뒤쪽 맨 오른쪽 AUTO HOLD 스위치 / 가운데 EPB 스위치 (ⓟ) 버튼
3.  기어레버 P 위치에서 브레이크 페달를 밟은 상태로 시동을 끄십시오.
4. 시동 끄고 30초 이내에 브레이크 페달을 밟고 P 릴리즈 버튼을 누르십시오.
<이모션>
☞ G4 렉스턴
1. 엔진 시동 상태에서 AUTO HOLD 기능을 해제하기 위해 기어레버 뒤쪽 AUTO HOLD 스위치를 눌러
계기판의  AUTO HOLD 표시등을 소등시킵니다.
2. 엔진 시동 상태에서 EPB 스위치를 눌러 주차 브레이크를 해제하십시오.
※ AUTO HOLD 스위치 : 기어레버 우측 버튼 / EPB 스위치 : 기어레버 좌측 (ⓟ) 버튼
3. 기어레버 P 위치에서 브레이크 페달를 밟은 상태로 시동을 끄십시오.
4. 시동이 꺼진 상태에서 브레이크 페달을 밟고 스마트키의 비상키를 이용하여
기어레버 고정해제 버튼을 누르고 N 위치로 이동해 주시기 바랍니다.
※ EPB 미적용된 렉스턴 스포츠/ 칸 (쿨멘 포함)의 경우, 3, 4번 단계만 진행하시면 됩니다.
  ▷ 참고 : https://www.youtube.com/shorts/Q4vg_RTZuYU
☞ 토레스
1. 시동이 걸린 상태에서AUTO HOLD 기능을 해제하기 위해 컨트롤 패널의 AUTO HOLD 스위치를 터치하여 AUTO HOLD 표시등을 소등시킵니다.
※ AUTO HOLD 스위치: 컨트롤 패널 상단의 바로가기 중 AUTO HOLD 또는 공조 화면에서 화면을 좌/우로 스와이프하여 차량 설정 스위치 화면에서 AUTO HOLD 스위치를 확인하실 수 있습니다.
2. 운전석 윈도우쪽 송풍구 아래의 EPB 스위치를 눌러 주차 브레이크를 해제하십시오.
3. 기어레버 P 위치에서 브레이크 페달를 밟은 상태로 시동을 끄십시오.
※  변속기 선택 레버 P(주차) 위치 이외에서는 차량 전원이 OFF 되지 않습니다.
4. 브레이크 페달을 밟고 선택 레버 고정 해제 버튼을 손가락으로 누르고, 기어레버 앞면의 노브 버튼을 누르면서 N 위치로 이동해 주십시오.
☞ 더 뉴 토레스 (2024. 5월 이후 전자식 변속레버 적용 차량)
 액티언 (2024. 8월 이후)
※ 참고 :https://www.youtube.com/shorts/yoefML30EEU
1. 시동이 걸린 상태에서 오토홀드(AUTO HOLD)를 해제해 주십시오.
(하이퍼바이저 왼쪽 계기판의 AUTO HOLD 표시등 소등되었는지 꼭 확인해 주시기 바랍니다)
※ 오토 홀드 스위치 (해제 시 해당 버튼 및 계기판 표시등 소등)
⑴ 내비게이션 화면 맨 위 가운데 부분 탭을 아래로 드래그해서 표시되는 슬라이드 메뉴의 오토 홀드(AUTO HOLD) 버튼 터치
⑵ 내비게이션 화면 왼쪽 공조버튼(선풍기 날개 모양) 버튼 → 바로 오른쪽 위 Vehicle  글씨 터치 → 오른쪽 화면의 오토 홀드(AUTO HOLD) 버튼 터치
<또는>
< 액티언 : 핸들 오른쪽 아래 오토홀드(AUTO HOLD) 버튼 >
2.  기어레버 P 위치에서 브레이크 페달를 밟은 상태로 시동을 끄십시오.
3. 시동을 끄고 30초 이내에, 브레이크 페달을 밟은 상태에서 전자식 변속 레버를 전면유리 방향으로 약 3초간 밀어주십시오.
4. 전자식 변속 레버 표시창에서 N 위치로 변경되었는지 확인해 주십시오.
※ 이중 주차 상태에서 도어를 열었거나 인포콘 앱 이용하여 공조 장치나 전기 장치가 작동되면
P단으로 변경되므로, 위 단계를 다시 진행해 주셔야 합니다.
☞ 토레스 EVX
※ 참고 :https://www.youtube.com/shorts/HlrDjRN2_2A
1. 시동이 걸린 상태에서 오토홀드(AUTO HOLD)를 해제해 주십시오.
(하이퍼바이저 왼쪽 계기판의 AUTO HOLD 표시등 소등되었는지 꼭 확인해 주시기 바랍니다)
※ 오토 홀드 스위치 (해제 시 해당 버튼 및 계기판 표시등 소등 / 더 뉴 토레스 이미지 참고)
⑴ 내비게이션 화면 맨 위 가운데 부분 탭을 아래로 드래그해서 표시되는 슬라이드 메뉴의 오토 홀드(AUTO HOLD) 버튼 터치
⑵ 내비게이션 화면 왼쪽 공조버튼(선풍기 날개 모양) 버튼 → 바로 오른쪽 위 Vehicle  글씨 터치 → 오른쪽 화면의 오토 홀드(AUTO HOLD) 버튼 터치
2. 시동 스위치를 길게 눌러 시동을 끄십시오. (시동 버튼에 점등된 표시가 없어야 합니다)
3.  브레이크 페달을밟지 않고, 시동 스위치를 2회 눌러 시동 스위치 적색 ON 상태로 변경해 주십시오.
4.  브레이크 페달을 밟은 상태에서 변속 레버를 N 방향(전방) 또는 D 방향(후방)으로 짧게 밀어
N(중립) 상태를 확인해주십시오. (★ N단 진입 시 EPB가 해제됩니다)
5. 시동 스위치를 길게 눌러 다시 시동를 꺼주십시오.
※ 이중 주차 상태에서 도어를 열었거나 인포콘 앱 이용하여 공조 장치나 전기 장치가 작동되면
  P단으로 변경되므로, 위 단계를 다시 진행해 주셔야 합니다.
☞ 코란도 EV (2024. 6월 이후 출고)
※ 참고 :https://www.youtube.com/shorts/mbhGSoidlvg
① 시동 상태에서 기어레버 뒤쪽의 AUTO HOLD(오토 홀드) 스위치를 눌러 오토 홀드를 해제하십시오.
② 브레이크 페달을 밟고 시동을 끄십시오. (시동 버튼에 점등된 표시가 없어야 합니다)
③ 브레이크 페달을밟지 않고시동 버튼을 2번 눌러 주십시오. (적색 ON 점등되는 키 ON 상태)
④ 브레이크 페달을 밟은 상태에서 기어레버를 전면유리 쪽으로 짧게 밀어 N으로 변경되었는지 확인해 주십시오.
(★ N단 진입 시 EPB가 해제됩니다)
⑤ N(중립 상태) 확인되면 시동을 끄십시오.
※ 이중 주차 상태에서 도어를 열었거나 인포콘 앱 이용하여 공조 장치나 전기 장치가 작동되면
  P단으로 변경되므로, 위 단계를 다시 진행해 주셔야 합니다.
☞ 코란도 (EPB 적용 차량)
※ 참고 :https://www.youtube.com/shorts/-yge0VWMqaA
1. 엔진 시동 상태에서 AUTO HOLD 기능을 해제하기 위해
AUTO HOLD 스위치를 눌러 계기판의 AUTO HOLD 표시등을 소등시킵니다.
2. 엔진 시동 상태에서 EPB 스위치를 눌러 주차 브레이크를 해제하십시오.
※ 기어레버 뒤쪽 동그란 드라이브모드 스위치의 오른쪽 : AUTO HOLD 스위치 / 왼쪽 : EPB 스위치 (ⓟ) 버튼
3. 기어레버 P 위치에서 브레이크 페달를 밟은 상태로 시동을 끄십시오.
4. 시동이 꺼진 상태에서 브레이크 페달을 밟고 선택 레버 고정 해제 버튼을 손가락으로 누른 후 N(중립) 위치로 이동시키십시오.
  (선택 레버 이동시 노브 버튼을 누르십시오.)
※ EPB 미적용된 코란도/티볼리/티볼리 에어의 경우, 3, 4번 단계만 진행하시면 됩니다.
  ▷ 참고:https://www.youtube.com/shorts/BebwD5depm4
☞ 체어맨W / 카이저
1. 엔진 시동 상태에서 브레이크 페달을 밟고 기어레버를 N으로 이동하십시오.
2. 엔진 시동 상태에서 브레이크 페달을 밟은 채로 EPB 스위치를 아래로 누른 후
5초 이내에 시동 버튼을 길게 눌러 시동을 끄십시오.
※ EPB 스위치 : 운전석과 동반석 사이 암레이트 스위치 중 (ⓟ) 버튼
☞ 뉴체어맨 (2003.10월~2007.12월) / 로디우스
1. 엔진 시동 상태에서 브레이크 페달을 밟고 기어레버를 N으로 이동하십시오.
2. 엔진 시동 상태에서  브레이크 페달을 밟은 채로 EPB 스위치의 OFF 부분을 누른 후
3초 이내에 시동키를 탈거해 주십시오.
<뉴체어맨>                                  <로디우스>
센터페시아 비상경고등 좌측                기어레버 좌측 (ⓟ) ON/OFF 스위치
(ⓟ) ON/OFF 스위치
☞ 렉스턴2 / 렉스턴2 유로 / 슈퍼렉스턴 중 EPB 적용 차량
1. 엔진 시동 상태에서 브레이크 페달을 밟고 기어레버를 N으로 이동하십시오.
2. 엔진 시동 상태에서 브레이크 페달을 밟은 채로 EPB 스위치를 아래로 누른 후
5초 이내에 시동키를 탈거해 주십시오.
※ EPB 스위치 : 기어레버 하단부 (ⓟ) 버튼"
부품,디지털 스마트키가 무엇인가요?,"디지털 스마트키란, 실물 스마트 키가 없어도 핸드폰만 있으면 시동을 걸 수 있는 기능입니다.
※ 토레스 EVX의 디지털 키(카드키 및 핸드폰 NFC키)와는 다릅니다.
핸드폰에 앱(아차키) 설치 후 최대 5명까지 차량 키를 공유할 수 있으며, 핸드폰을 가지고 자동으로 도어 잠금이 해제되거나 도어 잠금되는 기능 등 여러 부가 기능이 제공됩니다. 그리고 함께 제공되는 발렛키를 이용하여, 발렛 파킹이나 차량 정비 시 스마트키나 핸드폰을 건네주지 않아도 시동을 걸 수 있습니다.
이러한 디지털 스마트키 기능은, 2021.08월 이후 올 뉴 렉스턴 차종, 티볼리/에어 차종, 토레스 차종의 일부 등급에 기본 적용되어 있으며, KGM의 순정용품몰에서 판매하고 있어 추가 장착도 가능합니다. (토레스 EVX 제외됩니다)
KGM의 순정용품몰에서 [디지털 차키]로 검색하시거나 디지털 스마트키 고객센터 통해 디지털 스마트키에 대해 자세히 확인하실 수 있습니다.
☞ KG모빌리티 순정용품 쇼핑몰(밧모인터내셔날):  http://mall.kg-mobility.com(☎ 02 - 2245 - 7893)
☞ 디지털 스마트키(아차키) 고객센터 ☎ 1811 - 8136
※ 토레스 EVX의 디지털 키 등록 문의는 인포콘 상담센터 ☎ 080-500-5582 / 3번 연결로,
고장 시 고객센터 ☎ 080-500-5582 / 4번 연결하여 문의해 주십시오."
부품,차량 부품 가격 및 소모품 구매에 대해 문의는 어디로 하나요?,"KG모빌리티 부품대리점 또는 정비사업소 자재과를 방문하셔서 문의 및 신청해 주시면 부품을 구매하실 수 있습니다.
또한, 부품 구매나 가격, 재고 등 부품 관련 문의는 전문적인 상담을 드릴 수 있도록 부품상담실을 별도로 운영하고 있습니다.
☞ 부품상담실 ☎ 080-500-5582 (2번 연결)
지역별 부품대리점의 주소나 연락처, 약도 등은, 홈페이지 → 화면 상단 서비스 → 네트워크 → 부품대리점 클릭 → 지역 선택 후 검색 버튼 클릭 후 확인하실 수 있습니다.
※ FAQ 내에서 [EPC 시스템]을 조회하시면 부품 조회 방법에 대해 자세히 확인하실 수 있습니다."
부품,부품의 구입방법이 궁금합니다.,"KG모빌리티 부품대리점 또는 정비사업소 자재과를 방문하시어 문의 및 신청해 주시면 구입이가능합니다.
 
각 지역별 부품대리점 현황은 당사 홈페이지 → 리멤버서비스 → 네트워크→ 부품대리점에서 연락처, 주소 및 약도를 확인할 수 있습니다."
부품,디지털 키가 무엇인가요?,"디지털 키란, 스마트키를 지참하지 않고 휴대폰 또는 카드키만으로 도어 잠금/해제 및 시동을 걸어 운행할 수 있는 기능입니다.
적용 차종: 토레스 EVX, 2024. 5월 이후 더뉴 토레스, 액티언 차량
KGM 링크 서비스 가입 후 휴대폰의 KGM 링크 앱에 로그인하시고,
KGM 링크 앱에서 디지털 키와 KGM 링크 서비스 등록하신 후,
휴대폰의 NFC 기능이나 카드키 등록하여 이용하실 수 있습니다.
☞ KGM 링크 상담센터 ☎ 1522-8877 (또는) ☎ 080-500-5582 / 3번 KGM 링크 상담실 연결
※ 서비스 가입 및 취급 문의 상담 시간 : 평일 09:00~18:00
※ 긴급출동 및 에어백 전개 알림 상담은 24시간 운영됩니다."
부품,순정 용품에 대해서 알고 싶습니다.,"완성차의 스타일 극대화 및 기능 향상 등 다양한 고객님들의 Needs를 충족시키기 위해 KG모빌리티에서 직접 개발하거나 협력 업체를 통하여 개발/조달하여 소비자에게 판매하는 제품입니다.
※ 순정 부품과는 보증기간과 보증 업체 등의 차이가 있으며, 가격표 상 선택 옵션 사양 일부와 커스터마이징 등이 이에 해당합니다."
부품,KG모빌리티 순정 부품 확인방법이 궁금합니다.,"소모성 부품을 위주로 규격 부품에는 홀로그램을 부착하고 있으며,  규정 부품을 구입하실 때는 홀로그램 및 KG모빌리티의 로고가 인쇄된 포장박스를 확인하시기 바랍니다."
부품,"중앙차선유지보조(CLKA) 기능으로 작동하도록 설정해 놓았는데, 재시동하면 기능이 꺼집니다.","중앙차선유지보조(CLKA) 기능 작동 관련하여 2022년 1월부터 관련 법규가 운행 중 필요 시 작동시키도록 개정되어서,
2022년 1월 이후 생산된 차량은 시동을 켜면 항상 CLKA 기능이 꺼진 상태가 됩니다.
그래서 시동이 걸린 후 운전석 도어쪽 송풍구 아래의 작동 스위치를 눌러 중앙차선유지보조 기능을 작동시켜야 합니다. (토레스 차종은 핸들 왼쪽 아래에 차선유지보조 작동 버튼이 있습니다)
그러나 차선유지보조(LKA)와 차선이탈경고(LDW) 기능은 작동 상태로 시동을 껐다가 재시동해도 계속 작동하므로, 계기판 사용자 설정의 주행보조 설정 메뉴 중 차선유지보조 항목에서 LDW/LKA/CLKA 중에서 LKA 또는 LDW로 선택해 주시기 바랍니다.
※ 토레스 차종은, LDW/LKA 기능과 CLKA 기능이 개별적으로 작동합니다.
이에 핸들 왼쪽에 차선유지보조 작동 버튼을 길게 누르면 계기판에 차선유지보조 표시등이 점등/소등됩니다. 그리고 핸들 왼쪽에 작동 버튼을 짧게 누르면 CLKA가 작동하며, 계기판에 별도로 중앙차선유지보조 표시등이 점등됩니다."
부품,하자 부품 교환 절차를 알고 싶습니다.,"▶ 하자품에 관한 보증기간은 당사에서 부품대리점에 공급한 날로부터 6개월로 하며,  대리점에서 고객에게 판매한 날로부터 3개월로 규정되어 있습니다.
 
※2013.06.1日이후 소비자에게 판매한 부품의 경우 판매한 날로부터 12개월 이내 또는 주행거리 20,000km 미만에서 하자가 발생한 부품에 적용한다.(단, 육안으로 결함 여부 확인이 가능한 파손품, 이종품, 불량품은 판매한 날로 부터 7일 이내로 한다.) 
▶ 하자 처리절차
1)당사에서 공급부품 여부 확인
2)부품대리점에서 판매 여부 확인
3)고객이 취급 미숙 또는 관리 허술 여부 확인
4)교환 또는 거부 조치
5)교환 수거된 하자 부품은 수거 후 3일 이내에 관할 부품센터로 당사가 정하는 부품하자 조치의뢰서를 작성 통보 후 교환됩니다."
부품,"이모빌라이저 리모콘 키 경우 충전식과 배터리식 각 1개가 지급되는데, 구분 방법과 배터리 사양이 궁금합니다.","이모빌라이저 리모콘 키의 충전식과 배터리식 구분 방법 및 배터리 사양은 아래와 같습니다.
① 충전식
회색 라벨 부착,  배터리사양: PD 2032
② 배터리 교환식
보라색(파란색) 라벨 부착,  배터리사양: CR 2032
다만, 라벨이 떨어져서 확인이 어려울 경우 리모컨 케이스를 탈거 후 초록색 기판 왼쪽에 흰색 플라스틱이 있다면 충전식이며 플라스틱이 없다면 배터리식입니다."
기타,"차량 취급설명서를 구하고 싶은데, 어떻게 해야 하나요.","① 취급설명서 책자 구입 관련 문의처 : 도서출판 서경문화(서울시 중구 묵정동 29-26 보성빌딩) ☎ 02) 2272 - 7003

② 공식 홈페이지 이용 시 (pdf 파일 다운로드) :
☞ PC : KGM 홈페이지 (www.kg-mobility.com) → 고객 서비스 → 차량 운영 지원 → 취급설명서
          → 취급설명서 또는 A/V 설명서 글씨 클릭
☞ 모바일 : KGM 홈페이지 (kg-mobility.com) → 오른쪽 상단의 3줄 전체메뉴 → 고객 서비스
               → 차량 운영 지원 → 취급설명서 → 취급설명서 또는 A/V 설명서 글씨 클릭

※ 차종 확인 시 액티언 등의 차종명 옆의 ∨ 눌러 차종 및 시기 선택하시면 됩니다."
기타,엔진오일의 기능에 대해 궁금합니다.,"자동차 소모품 중 대표적인 것이 바로 엔진오일입니다.
 
자동차의 심장인 엔진에 들어가는 엔진오일의 기능은 윤활과 냉각, 방청, 청정, 밀봉, 완충 등의 다양한 기능을 수행합니다.
 
따라서 엔진 온도가 올라가면 점도는 떨어지고(묽어지는 현상) 점도가 낮으면 오일이 엔진 전체에 고르게 퍼지는 대신 윤활과 완충작용 기능이 떨어져 소음이나 마찰열에 대한 대응이 잘 이뤄지지 않을 수 있으며, 반면 점도가 높으면 유막이 두꺼워져 마찰열을 줄여주지만 유막이 고루 퍼지지 않아 저항이 커지고 시동이 어려워집니다.
 
엔진오일의 점도는 포장재에 표시되어 있으며 보통 SAE 뒤에 20, 30, 40 같은 숫자가 붙는데 숫자가 클수록 점도가 높고 고온에서 사용하는데 적합합니다.
 
그러나 여름과 겨울에 각각 다른 점도의 오일을 사용하는 불편하기 때문에 요즘에는 4계절용이 판매되기도 합니다.
 
4계절용은 어떠한 기온에서도 일정한 점도를 유지할 수 있도록 오일에 첨가제를 넣은 것으로 SAE 5W-30처럼 ‘SAE ○W-○’로 표시합니다.
여기서 W는 겨울(윈터)의 첫글자이고 W앞의 숫자는 오일이 식었을 때의 점도를,  뒤에 있는 숫자는 작동 온도에서의 점도를 표시한 것 입니다.
 
즉  W 앞의 숫자가 낮을수록 추운 곳에서 잘 견디고, 뒤의 숫자가 높을수록 높은 온도에서 점성이 좋다는 뜻이기도 합니다."
기타,뷰티풀 코란도와 베리 뉴 티볼리의 딥 컨트롤(Deep Control)이 무엇인가요?,"딥 컨트롤(Deep Control)은 레이더와 카메라를 통해 주변 상황을 완벽하게 스캐닝하여 차량을 제어하는 최첨단 자율주행 시스템입니다.
이러한 딥 컨트롤 시스템에는 다음과 같은 기능이 포함되어 있습니다.
①인텔리전트 어댑티브 크루즈 컨트롤 (IACC: Intelligent Adaptive Cruise Control) : 차량 속도와 앞차와의 거리를 설정해 놓으면 자동으로 감속/가속/조향까지 제어하는 기능
②탑승객 하차 보조 (SEW: Safety Exit Warning = EAF: Exit Assist Function) : 하차 시 후측방으로 차량 접근하는 경우 경고 표시 및 경보음 발생
③안전거리 경보(SDA/Safety Distance Alert) : 운행 속도 대비 전방 안전거리 미확보 시 경보 발생
④앞차 출발 알림 (FVSW: Front Vehicle Start Warning = FVSA: Front Vehicle Start Alert) : 정차 중 앞차 출발 시 팝업과 경고음 발생
⑤후측방 접근 충돌 방지 보조 (RCTA: Rear Cross Traffic-collision Assist = RCTAi: Rear Cross Traffic Alert Intervention) : 후측방으로 접근하는 차량과의 충돌 위험이 예상될 때 긴급 제동
⑥후측방 접근 경고 (RCTW: Rear Cross Traffic Warning = RCTA: Rear Cross Traffic Alert) : 주차 등 후진 시 후측방으로 접근하는 물체나 차량이 감지되면 위험을 경고
⑦전방 추돌 경보 시스템 (FCW= FCWS: Forward Collision Warning System) 및 ⑧긴급 제동 보조 시스템(AEB= AEBS: Autonomous Emergency Braking System) : 주행 중 전방 차량과의 충돌이 예상되는 경우 경보음 발생 및 충돌을 완화시킬 수 있도록 제동 보조
⑨차선 이탈경보 시스템 (LDW= LDWS: Lane Departure Warning System) 및 ⑩차선 유지보조 시스템 (LKA= LKAS: lane Keeping Assist System) : 방향지시등 작동하지 않은 상태로 차선을 밟거나 이탈하려고 할 때 경고음 발생 및 EPS 기능의 도움을 받아 조향 제어
⑪스마트 하이빔 (SHB: Smart High Beam = HBA: High Beam Assist) : 앞 차량의 미등, 맞은편 차량의 전조등, 주변 밝기를 감지하여 자동을 상향등이나 하향등으로 자동 전환
⑫사각지대 감지 시스템 (BSW: Blind Spot-detection Warning = BSD: Blind Spot Detection) : 후방의 사각지대에 차량이 감지되면 아웃사이드 미러에 경고등 점등
⑬차선변경 경보 시스템 (LCW: Lane Change Warning = LCA: Lane Change Assist) : 차선 변경 시 후방에서 빠른 속도로 접근하는 차량을 감지하면 아웃사이드 미러에 경고등 점멸 및 경보음 발생
⑭고속도로 안전속도 제어(SSA: Safety Speed Assist= NICC: Navigation Intergrated Cruise Control) : 고속도로 주행 시 내비게이션의 단속 카메라 정보와 차선 중심 추종 제어를 통해 고속도로 주행 보조 기능
⑮부주의 운전경보 시스템 (DAW: Driver Attention Warning = DAA: Driver Attention Alert) : 차량 주행 패턴과 전방 카메라에 수집된 정보를 분석하여 주의 운전 레벨 및 경고 표시
※ KG모빌리티 블로그 참고
☞https://allways.kg-mobility.com/딥컨트롤로-완성하는-자율주행의-미래/
☞https://allways.kg-mobility.com/초보운전-장롱면허-운전가-걱정-끝-뷰티풀-코란도가/"
기타,긴급출동에 대해 알려주세요.,"긴급출동이란, 차량 운행이 불가능하거나 운행 시 위험하다고 판단될 경우 현장에서 응급 조치 또는 견인 조치 요청하는 서비스입니다.
 
차량 보증기간 이내에 발생한 품질문제일 경우 무료로 운영되며, 보증기간 경과되었거나 고객님 귀책이 있을 경우에는 출동비(주간: 10,000원, 야간 및 공휴일: 15,000원)가 부과됩니다.
 
그리고 평일 오후 5시 30분~익일 8시 30분까지, 토요일 오후 12시 30분 이후, 공휴일 및 일요일의 경우 아래 7가지 사항만 조치 가능하며, 삼성 애니카에서 출동 나가는 점 참고해 주시기 바랍니다.
 
1) 도어 잠김
2) 배터리 방전으로 인한 점핑
3) 타이어 펑크/파스
4) 연료 부족으로 인한 주유
5) 견인
6) 차량 구난
7) 스마트 키, 이모빌라이저 키 등 코딩이 필요한 경우
 
☞ 수신자 부담 전화번호 ☎ 080-500-5582, 안내음성 시 1번 연결"
